tweet_text,emotion_in_tweet_is_directed_at,is_there_an_emotion_directed_at_a_brand_or_product
".@wesley83 I have a 3G iPhone. After 3 hrs tweeting at #RISE_Austin, it was dead!  I need to upgrade. Plugin stations at #SXSW.",iPhone,Negative emotion
@sxsw I hope this year's festival isn't as crashy as this year's iPhone app. #sxsw,iPad or iPhone App,Negative emotion
I just noticed DST is coming this weekend. How many iPhone users will be an hour late at SXSW come Sunday morning? #SXSW #iPhone,iPhone,Negative emotion
@mention  - False Alarm: Google Circles Not Coming NowÛÒand Probably Not Ever? - {link} #Google #Circles #Social #SXSW,Google,Negative emotion
Again? RT @mention Line at the Apple store is insane.. #sxsw,,Negative emotion
attending @mention iPad design headaches #sxsw {link},iPad,Negative emotion
"Boooo! RT @mention Flipboard is developing an iPhone version, not Android, says @mention #sxsw",,Negative emotion
What !?!? @mention  #SXSW does not provide iPhone chargers?!?  I've changed my mind about going next year!,iPhone,Negative emotion
Know that &quot;dataviz&quot; translates to &quot;satanic&quot; on an iPhone. I'm just sayin'. #sxsw,,Negative emotion
"Seriously #sxsw? Did you do any testing on the mobile apps? Constant iPad crashes causing lost schedules, and no sync for WP7.",iPad or iPhone App,Negative emotion
ipad2 and #sxsw...a conflagration of doofusness.  {link},iPad,Negative emotion
"You spent $1,000+ to come to SXSW. 

You've already used iPad 1. 

The wait is a couple city blocks. 

Why? #ipad2 #SXSW {link}",iPad,Negative emotion
"I'm up to 2 iPad 2s seen in the wild. Both people say it is fast, but the still pics are terrible. #sxsw",iPad,Negative emotion
"If iPhone alarms botch the timechange, how many #SXSW'ers freak? Late to flights, missed panels, behind on bloody marys...",iPhone,Negative emotion
I meant I also wish I  at #SXSW #dyac stupid iPhone!,iPhone,Negative emotion
"Found the app kyping my iPhone's geolocation &amp; not releasing when in background. Need a patch, @mention #batterykiller #SXSW",iPad or iPhone App,Negative emotion
Of course Apple built a temp store in Austin. It's Texas. They understand the concept of corralling cattle #SXSW #PickMeUpAniPad2,Apple,Negative emotion
ÛÏ@mention Apple is opening up a temporary store in downtown Austin for #SXSW and the iPad 2 launch&quot; oh YAY more traffic.,Apple,Negative emotion
&quot;The Apple store at the mall on Sunday is 10x as crowded as this. This line is fake. I just need a fucking dongle.&quot; Genius let me in. #sxsw,Apple,Negative emotion
iPad news apps 'so last year' at #SXSW {link},iPad or iPhone App,Negative emotion
Overheard at #sxsw interactive: &quot;Arg! I hate the iphone! I want my blackberry back&quot; #shocked,iPhone,Negative emotion
ÛÏ@mention at #sxsw: &quot;apple comes up with cool technology no one's ever heard of because they don't go to conferences&quot;Û,Apple,Negative emotion
overheard at MDW (and I'll second it) &quot;halfway through my iPhone battery already and I haven't even boarded the plane to #sxsw&quot; #amateurhour,iPhone,Negative emotion
they took away the lego pit but replaced it with a recharging station ;) #sxsw and i might check prices for an iphone - crap samsung android,Android,Negative emotion
".@mention Bad Apple: shows up late, Qs the process, poo-poos ideas, leaves early. Can even be &quot;I'm too creative&quot; or busy #gamestorming #sxsw",Apple,Negative emotion
Trying to balance the power of power needs on iPhone vs iPad at #sxsw. This 3G iPad sucks it out quick. Might have go airplane mode.,iPad,Negative emotion
My iPhone battery can't keep up with my tweets! Thanks Apple.  #SXSW  #precommerce,iPhone,Negative emotion
ÛÏ@mention Best thing I've heard this weekend at #SXSW &quot;I gave my iPad 2 money to #Japan relief. I don't need an iPad 2.&quot;  @mention,iPad,Negative emotion
Google vs Bing on #bettersearch. Bing has a shot at success w/ structured search.  Potentially higher margin CPA model vs #Google. #SXSW,Google,Negative emotion
"iPad 2 is coming out at #SXSW, guess Apple's pretty desperate to give it attention.",Apple,Negative emotion
Shipments daily - follow @mention #AppleATXdt 4 updates RT @mention Pop-up Apple Store seems to be out of pop-up iPad2s. #SXSW,,Negative emotion
IPhone is dead. Find me on the secret batphone #sxsw.,iPhone,Negative emotion
Why Barry Diller thinks iPad only content is nuts @mention #SXSW @mention {link} @mention,iPad,Negative emotion
In Japan: Docomo introduced mobile apps six years before Apple came out with app store. #jpmobilesummit #sxsw,Apple,Negative emotion
Jeez guys dunno about an Apple pop-up over a Gold's Gym. Do u realize how un-Jobs-aesthetic that is? #SXSW #Apple,Apple,Negative emotion
I need to find a better #SXSW stream to follow. The inane iPad 2 tweets are surely not what SouthBy is about,iPad,Negative emotion
"Austin is getting full, and #SXSW is underway.  I can tell because my iPhone is an intermittent brick. #crowded",iPhone,Negative emotion
Length of Google penalty based on severity of breach of webmaster guidelines. i.e.white text on white bgr might get 30 day pen. #sxsw #qagb,,Negative emotion
"ÛÏ@mention Google to Launch Major New Social Network Called Circles, Possibly Today {link} #sxswÛ 
It'll never beat myspace.",Other Google product or service,Negative emotion
Hey #SXSW how bout donating all this $ your spending on the new #iPad to Japan. Do you REALLY need that thing?,iPad,Negative emotion
".@mention I have a 3G iPhone. After 3 hrs tweeting at #RISE_Austin, it was dead!  I need to upgrade. Plugin stations at #SXSW.",iPhone,Negative emotion
.@mention I have a feeling #SXSW will be the worst place to try &amp; get an iPad 2- everyone there will be trying to get one. #techiesunite,iPad,Negative emotion
"I thought I would use my iPad a lot during #SXSW, but I haven't even touched it once.  Hmmzies.",iPad,Negative emotion
"google is interested in location based tech for indoor venues - businesses, convention centers etc.  Tech needs to improve first.  #sxsw",Google,Negative emotion
the first iPad didn't even exist here last year and I already feel like I'm pulling out an antique everytime I use my iPad #sxsw #ipad2,iPad,Negative emotion
"shoot, my ipad will not display any search results :( will have to go through questions later #osmpw #sxsw",iPad,Negative emotion
The #SXSW iPhone app is mocking me. Like I have the money to be there - COME ON.,iPad or iPhone App,Negative emotion
The #SXSW iPhone app is one of the worst I've had to use in a very long time.,iPad or iPhone App,Negative emotion
Disliking iPhone twitter auto shortening links for me. #sxsw,iPad or iPhone App,Negative emotion
my iPhone is overheating. why are there so many british sounding people in texas? #SXSW,iPhone,Negative emotion
My iPhone is wilting under the stress of being at #sxsw.,iPhone,Negative emotion
"more that just location, PixieEngine! RT @mention Google says the future is location, location, location: {link} #SXSW #CNN",Google,Negative emotion
"iPhone, I know this #SXSW week will be tough on your already-dwindling battery, but so help me Jeebus if you keep correcting my curse words.",iPhone,Negative emotion
"Google to Launch Major New Social Network Called Circles (Updated) {link} *Not launched at #SXSW, but soon. Should I care?",Other Google product or service,Negative emotion
"Google to launch product! Wait, no launch, but product exists.  Wait, product does not exist! #sxsw {link}",Google,Negative emotion
"God, it's like being at #sxsw - have iMac, MacBook, iPhone and BlackBerry all staring at me. Enough! Time to read a book - remember those?",iPhone,Negative emotion
"ha, seems like it --&gt; ÛÏ@mention The only news at SXSWi was Apple's temporary iPad store? #sxsw #wth?Û",Apple,Negative emotion
compiling my #sxsw list in one google doc is taking a lot longer than i thought... so many parties. so many good musicians.,Other Google product or service,Negative emotion
Day 1 and my charger kicked the bucket. Where the heck is the Apple store that's within walking distance? #sxsw,Apple,Negative emotion
"With just my iPhone and iPad on me, I feel very unequipped compared to everyone else. Dang! #sxsw",iPhone,Negative emotion
"Hm? Do we need another 1? RT @mention Google to Launch Major New Social Network Called Circles, Possibly Today {link} #sxsw",,Negative emotion
"Google is not launching anything during #sxsw, just partying {link} #circles",,Negative emotion
&quot;All of #SXSW is nothing but a teeming sea of iPhone addicts too busy Twittering to ever engage with one anothÛ_ (cont) {link},iPhone,Negative emotion
Not a fan of a new #sxsw trend - audience sharing opinions via holding up an iPad. Not here to listen to you. #annoying,iPad,Negative emotion
Tomlinson of TX Observer says Apple subscription data holding is biggest impediment to success. #newsapps #sxsw,Apple,Negative emotion
#Apple to Open Pop-Up Shop at SXSW {link} &lt;---cool concept but I wouldn't spend my #SXSW waiting for the #iPad2,iPad,Negative emotion
@mention  packing a point by showing iphone fragmentation  #SXSW,iPhone,Negative emotion
I left my pocket guide at the hotel. I don't know how I'm going to cope. What does that say about the usability of iPad/iPhone app? #SXSW,iPad or iPhone App,Negative emotion
.@mention Problem with Google Living Stories was the process of creating content didn't change - was just an interface. #hacknews #SXSW,Other Google product or service,Negative emotion
BRILLIANT READ: Attention Marketers and Media Professionals: the iPad won't save you by @mention  {link} #usguys #SxSW,,Negative emotion
"L.A.M.E.  RT @mention &quot;...by the law of averages, better than Buzz&quot; RT @mention &quot;Google Circles will be ______ &quot;  #sxsw",Other Google product or service,Negative emotion
New #SXSW rule: no more ooing and ahing over your new iPad. We get it. Its not a big deal. Everybody has one now... :-),iPad,Negative emotion
My iPhone says it can't connect to the Internet even though #sxsw wifi works great on my computer. Any suggestions?,,Negative emotion
Q: Why do social sites like Delicious often have better results than Google or Bing? #qagb #sxsw,Google,Negative emotion
"Just read that #apple will be at #SXSW selling iPad 2 on release day. Good lord, the vortex of smugness that day may be unbearable.",Apple,Negative emotion
ÛÏ@mention The 10 most dangerous IPhone apps. #sxsw {link},iPad or iPhone App,Negative emotion
"So I went the whole day w/out my laptop &amp; just used my iPad 1. Things I missed: FTP, cloudapp, fast typing, &amp; skype. #iPad #sxsw",iPad,Negative emotion
You think there would be a #sxsw app for blackberry. Just when I gave iPhone the finger! Guess I'll have to carry around an ipad. LAME,iPhone,Negative emotion
People in this Apple store do not...smell great. #sxsw #hereforwork #nottheipad2,Apple,Negative emotion
Thank you to @mention for letting me test drive a car to the Apple store. Now lets hope that they can fix my phone!! #sxsw,Apple,Negative emotion
"So we get to see google fail at social on another day RT @mention Okay, no Google Circles debuting at #sxsw today",Google,Negative emotion
#futuremf Trajan: Google has destroyed the &lt;title&gt; tag - websites SEO them. Open Graph Protocol added a clean title tag instead #sxsw,Google,Negative emotion
Do i know u? Why u selling to me! Weve never talked. I now Hate your product! RT @mention check out Heyo 4 iPhone #SXSW #SXSWi,iPhone,Negative emotion
Apple pop up store... line is ridic. #sxsw  {link},Apple,Negative emotion
Trying to update software (4.0) on iPhone to download #sxsw app. But so far no luck - wonder if it's because phone is from Mexico.,,Negative emotion
Def could use an iPad for  #SXSW today. Tweeting via iPhone sorta pretty much sux.,iPhone,Negative emotion
Dense una vuelta por #socialfuel #sxsw para ver la gran diferencia..RT @mention &quot;The revolution will be clumsily translated by Google.&quot;,Google,Negative emotion
÷¼ Why Are We Better Than #Google? ÷_ {link} ã_ #edchat #musedchat #sxsw #sxswi #classical #newTwitter,,Negative emotion
"if #Apple weren't so cocky, perhaps a separate ipad2 store at #SXSW would have been a good idea. guess they don't need the extra marketing;)",Apple,Negative emotion
Disgusted with my iPhone's battery life. Already down to 11% at 3:30 pm while my blackberry is going strong. #Sxsw,iPhone,Negative emotion
"Just when you thought &quot;social&quot; couldn't get more overblown at #sxsw, Google may be announcing &quot;Circles&quot; today: {link}",Other Google product or service,Negative emotion
@mention - #Apple is the classiest fascist company in America. Really elegant. #sxsw #rji,Apple,Negative emotion
"Lost iPad, corrupted iPhone, and crazy hotels. Good times. #SXSW @mention AUS Austin-Bergstrom {link}",iPhone,Negative emotion
"At midday, iPhone at mid-battery. This outlet, blocked by an immobile booth, serves no purpose but to taunt me. #SXSW {link}",iPhone,Negative emotion
SXSW 2011: Novelty of iPad news apps fades fast among digital delegates {link} via @mention #SXSW XIPAD,iPad or iPhone App,Negative emotion
So true!!! RT @mention 'Google lost its way by caring too much for the business vs. the users' - @mention #psych #sxsw,Google,Negative emotion
SHITE APP. :( RT @mention New #UberSocial for #iPhone now in the App Store includes UberGuide to #SXSW sponsoÛ_ (cont) {link},iPad or iPhone App,Negative emotion
I know it's #SXSW because my iPhone has started lying to me about its signal strength.,iPhone,Negative emotion
@mention 's nexus s on t-mobile is 10x more useful than my iphone4 on AT&amp;T at #sxsw. Is it because too many ppl have iPhone?,iPhone,Negative emotion
Hmm...can't get Twitter searches to update in Hootsuite or Tweetdeck on iPad. #SXSW,iPad or iPhone App,Negative emotion
@mention @mention @mention @mention Paper phones?  Means an iPad will likely be useless at #sxsw as well. #fail,iPad,Negative emotion
"@mention &quot;I've worked at Google for over 11 years, so I've seen a lot of evil.&quot; #qagb #sxsw",Google,Negative emotion
At #sxsw #tapworthy iPad Design Headaches - avoiding the pitfalls of the new design challenges,iPad,Negative emotion
Disaster = iPhone died in middle of #sxsw ... can't function. heading to apple store.,iPhone,Negative emotion
"The iPad 1 is so March 11, 2011 4:59PM PST. #sxsw",iPad,Negative emotion
#SXSW 2011: Novelty of #iPad news apps fades fast among digital delegates {link} via @mention,iPad or iPhone App,Negative emotion
#SXSW 2011: Novelty of iPad news apps fades fast among digital delegates {link},iPad,Negative emotion
#SXSW 2011: The #Google and #Bing smackdown in all its bloody banality {link},Google,Negative emotion
#SXSW 2011: The #Google and #Bing smackdown in all its bloody banality {link} via @mention @mention,,Negative emotion
Not even 10am here in Austin and my iPhone batt is at 54% - shit #SXSW #notevenstartedyet,iPhone,Negative emotion
Apple is a more selfish brand than Microsoft but it has served its brand well.#sxsw,Apple,Negative emotion
@mention about to talk at #sxsw on mistakes building #Netflix #iphone app,,Negative emotion
fucking mac users..... {link} #sxsw CWebb iPad Grant Hill,Apple,Negative emotion
#SXSW: iPad Design Headaches (Take Two Tablet and Call Me in the Morning) {link},iPad,Negative emotion
Google Brain apologies for randy ads popping up with search results; algorithm skewed over weekend by randy queries from #SXSW attendees.,,Negative emotion
2+ hour wait at the makeshift Apple store for iPad 2. #fail #sxsw,Apple,Negative emotion
"Doesn't make sense to limit content to a specific platform, if it's on the iPad it should be on the web @mention interview w/ @mention #sxsw",iPad or iPhone App,Negative emotion
Guy Kawasaki &quot;I believe in God because there is no other explanation for the continuous survival of Apple over the years.&quot;. LOL #SXSW,Apple,Negative emotion
GroupMe talks about Apple App Store approval woes - there would be a big group of people that would agree with that! #whowillrise #sxsw,Apple,Negative emotion
It's not all Apple love here at #sxsw. Heard quite a bit of grumbling about holding back features on iPad 1 so people would have to buy v2.,Apple,Negative emotion
Why does all the #Android meetups here in #Austin are when I'm at work. Well at least there is the PS meetup #sxsw,Android,Negative emotion
#virtualwallet #sxsw no NFC in #iphone5 bc of standardization while #android will have it #confusion,iPhone,Negative emotion
"Don't by an ipad 2 for the rear-facing camera, here is what you get: {link} #sxsw",iPad,Negative emotion
@mention Android needs a way to group apps like you can now do with iPad/iPod. #SXSW #hhrs,Android,Negative emotion
Lonely Planet releases free Austin city guide iPhone app for #SXSW. Like there aren't enough apps cluttering up your handset.,iPad or iPhone App,Negative emotion
@mention another google social failure? #sxsw,Google,Negative emotion
"Is there any way of deleting an app that won't stop loading on the iPhone? Draining my power, but no 'x' to cancel. Help me, #SXSW.",iPad or iPhone App,Negative emotion
A major #Apple iOS update the day before #SXSW? What genius project manager came up with that brilliant idea? #NoWhammies,Apple,Negative emotion
@mention Apple pop-up store at #sxsw was 5 blocks long! #BetterThingsToDo,Apple,Negative emotion
Queue at Apple Pop-Up Store at #sxsw still long!,,Negative emotion
Come on #Apple! Why cant I have spell-checking without auto-correct? Must it be all or nothing? #Grrr #sxsw,Apple,Negative emotion
@mention arg. It won't load on me iPhone. Not via the app store or the site. Just trying to #sxsw it and am feelin so out of touch.,iPhone,Negative emotion
"had to charge the #iphone every 6hours here on #sxsw. running it on lowest possible screen brightness. apple, fix your basics!",iPhone,Negative emotion
Is the Flash discussion still relevant? #SXSW #tapworthy iPad design headaches,,Negative emotion
"Guy just asked Google's Mayer: it can take a year to remove deadly routes from Google Maps, such as through Death Valley #SXSW",Other Google product or service,Negative emotion
"NYT, WSJ at #SXSW ask: Is there a future for branded, native news apps on the iPad? {link} / no there is NOT!!",iPad or iPhone App,Negative emotion
#iPhone battery doesn't last long under #sxsw usage,iPhone,Negative emotion
"Marissa Mayer: Google maps should have better customer service, quicker responses. #sxsw #FH",Other Google product or service,Negative emotion
Nothing says DOUCHE CAKE like walking around with a IPAD like it's an Iphone #sxsw,iPad,Negative emotion
really amazing to see so many people putting up with Apple's Notes app on the iPad at #SXSW,iPad or iPhone App,Negative emotion
really amazing to see so many people putting up with Apple's Notes app on the iPad at #SXSW:  {link},iPad or iPhone App,Negative emotion
@mention Best thing I've heard at #SXSW &quot;I gave my iPad 2 money to #Japan relief. I don't need an iPad 2.(@mention @mention #SXSWGOOD,iPad,Negative emotion
Too quotable --&gt; RT ÛÏ@mention &quot;Apple is the most elegant fascist company in America.&quot; #flip-board #SXSW,Apple,Negative emotion
Will somebody write an app that lets me consistently type &quot;SHIT&quot; on my goddamn iphone? Hey #sxsw ... jump on that.,iPhone,Negative emotion
"Should I buy an iPad for @mention at the makeshift #sxsw Apple Store on launch day? Fuck no, I respect him too much... #wwsxsw",iPad,Negative emotion
"The walk by Lady Bird Lake was lovely, but Google Maps travel times are not to be trusted. #SXSW",Other Google product or service,Negative emotion
The iPad calendar = The Frankeninterface. Designed as one interface metaphor but uses another. #tapworthy #sxsw,,Negative emotion
#sxsw #enchantment: @mention &quot;No one uses Windows voluntarily.&quot; &quot;Apple is greatest collection of egomaniacs in history.&quot; haha,Apple,Negative emotion
"#sxsw #enchantment: @mention &quot;Sell your dream. Steve Jobs doesn't say: iPhone is $188 of parts+AT&amp;T, made by ppl in suicidal Chinese",iPhone,Negative emotion
"Just launched the pop-up Apple Store at #SXSW. It's our &quot;vintage&quot; store format: Mostly iPods and snarky employees. Ah, the good old days.",Apple,Negative emotion
"Stupid technology! You always fail at important times! At #SXSW w/ an iPhone, laptop AND Blackberry and the only thing working is my pen.",iPhone,Negative emotion
It's official: people using the iPad 2 to take photos just look weird. #SXSW,iPad,Negative emotion
Pretty excited for my iPhone to stop working #sxsw #AT&amp;T,iPhone,Negative emotion
Trying 2 convince @mention 2 watch the launch of google Social network at #SXSW . I didn't know there was going to be comedy?!,Other Google product or service,Negative emotion
The data crunch at #SXSW is crippling Google Voice. Back to regular texting we go...,Other Google product or service,Negative emotion
"True,expect more insidious approaches, like Apple subscriptions. RT @mention {link} . Disgraceful.  #libraries #sxsw",Apple,Negative emotion
"#flipboard - when bldg app for AppStore, need wholistic mktg awareness, p.r. strategy to drive adoption Don't just rely on Apple. #rji #sxsw",,Negative emotion
I composed a tweet so acerbic and cynical about ipad users that my phone crashed and dumped all my apps. #twitterpower #sxsw #imthatgood,iPad,Negative emotion
Google and Bing meet at #SXSW after their lovers tiff last month but it seems to have been disappointingly friendly {link},Google,Negative emotion
Google and Bing page rank panel is ridiculously crowded. Is Al Franken or Justin Timberlake here? #sxsw {link},Google,Negative emotion
Major iPad design flaw: the SXSW Go iPad app. It doesn't stay open when you switch apps! #ipaddesignheadaches #sxsw,iPad or iPhone App,Negative emotion
You should probably put that away... RT @mention at the Android party and kinda embarrassed by my iPhone #SXSW,iPhone,Negative emotion
"So Annoyed with #SXSW schedule app that has bad #ui for iPad. My fingers ain't THAT fat, y'all.",iPad or iPhone App,Negative emotion
The forbidden apple has been spoiled! Long live #samsung! They are rocking the #sxsw &amp; #sxswi's world.,Apple,Negative emotion
is a bit disappointed that the two iPad talks had so many overlapping examples #sxsw,Apple,Negative emotion
"Fest tip-don't be an iPhone douche.Put away your phone and talk to your fellow festgoers in lines, etc.All good people who love film. #sxsw",iPhone,Negative emotion
at the Android party and kinda embarrassed by my iPhone #SXSW,iPhone,Negative emotion
"Can anybody get the #SXSW mobile apps to work? I've downloaded Android, iPhone and BlackBerry and they all get stuck downloading on startup.",iPad or iPhone App,Negative emotion
Srsly love @mention @mention promo @mention Srsly hate that it excludes @mention Esp. since my iPad insists I'm at Disney #sxsw,iPad,Negative emotion
New Iphone autocorrect already tried to change &quot;coworkers&quot; to &quot;visigoths.&quot; Its going to be a long five days of #sxsw,iPhone,Negative emotion
The iPhone battery was not made for @mention #sxsw,iPhone,Negative emotion
New circle game? RT @mention  @mention Google (tries again) to launch new social network called Circles: {link} #sxsw,Other Google product or service,Negative emotion
What Apple hopes you didn't notice about iPad 2 {link} #sxsw #sxswi #technology #mobile #prodmktg,iPad,Negative emotion
"the future is about networks, not just data. that's why google may not win long term #SXSW #web3 #SaatchiNY",Google,Negative emotion
Why are we leaning on web conventions like small buttons on the iPad? #UXDes #sxsw,iPad,Negative emotion
LOL 2 true RT @mention It's official: people using the iPad 2 to take photos just look weird. #SXSW,iPad,Negative emotion
#sxsw live stream not working on iPad #fail {link},iPad,Negative emotion
Hmm... the sxsw.com/interactive/live stream isn't ipad/mobile compatible. Maybe next year. #sxsw,iPad,Negative emotion
Would like to know which LBS app I downloaded has commandeered my iPhone's geolocation setting &amp; won't relinquish. #batterykiller #SXSW,iPad or iPhone App,Negative emotion
Getting ready for &quot;iPad design headaches&quot; #sxsw,iPad,Negative emotion
I never realized how shitty by iphone battery was until #sxsw I'm charging every few hours,iPhone,Negative emotion
Several years too late? I think the trend of social apps is over... @mention  #sxsw #google #circles #conversation @mention,iPad or iPhone App,Negative emotion
why the heck doesn't google maps use browser geo-location? am I missing it somehow? using chrome. @mention #sxsw #startupbus,Other Google product or service,Negative emotion
Why the heck would anyone want Mozilla to switch to CrapKit (WebKit) when Gecko is good? Stupid Apple/Google bandwaggoners. #sxsw,Apple,Negative emotion
"Apple cited as the opposite of crowdsourcing - proprietary, Steve Jobs tells you what you want #csuitecsourcing #sxsw",Apple,Negative emotion
just walked by the line for the iPad 2. Bahahahaha! at least 5 blocks long. #fail #SXSW,iPad,Negative emotion
Just walked past the supposed #Apple #SxSW temp store downstairs @mention and the apple cult was outside taking photos on iphones.,Apple,Negative emotion
"Google prefers to launch hyped new Social features with meh, not bang? via TC {link} #SXSW",Google,Negative emotion
"Like in Vegas during #CES, the iPhone is best used as a hand warmer at #SXSW.",iPhone,Negative emotion
#SXSW panel: &quot;Staying Alive: Can indie iPhone game development survive?&quot; Kind of a downer... They should try #CoronaSDK! @mention,,Negative emotion
Note to self: downside of tweeting on an white iPad 2 expect to be mocked. @mention #sxsw,iPad,Negative emotion
Google seems to have sabotaged my YouTube account - WTF? Are they trying to OWN the entire online ecosystem?  VERY BAD FORM #SXSW,Google,Negative emotion
"To my friends at #SXSW who think I abandoned you, in reality I just didn't have any means of communication, my iPhone stopped working. #fail",iPhone,Negative emotion
What happened to the Taxi Magic iPhone app? Now all I can do is call the cabs via it #sxsw,iPad or iPhone App,Negative emotion
"Ha! RT @mention Google guy at #sxsw talk is explaining how he made realistic Twitter bots as an experiment. Gee, thanks for doing that.",Google,Negative emotion
Oh no utter @mention #sxsw fail. Can't see the letter of the ballroom in the iPhone app as it is too long and doesn't wrap /cc @mention,iPad or iPhone App,Negative emotion
Gamechanger like Wave and Buzz no doubt RT @mention Google to Launch Major New Social Network Called Circles {link} #sxsw,Other Google product or service,Negative emotion
It is never more apparent than at #sxsw how nice it would be if apple made stuff w/ removable batteries. #alwayshavingtoplugin #gsdm,Apple,Negative emotion
iPhone users at #SXSW - any of you have your GPS stuck on? Is one of the new geo app updates doing it? FourSquare/gowalla?,iPhone,Negative emotion
Apple takes bruises from panelists. Not well regarded in sustainability space.  Corporate Sustainability Reporting and Transparency.  #SXSW,Apple,Negative emotion
Apple likes it if you pay them. That's what Apple likes. - Barry Diller #SXSW,Apple,Negative emotion
The dailies on iPad are going to evolve...they're still impossible to download (20 MB and up downloads) #sxsw,,Negative emotion
google presentation by Mayer is a sales pitch #fail #sxsw,Google,Negative emotion
Sooo... Design for iPads session is just an hour long ad for me to buy and iPad and apps? #amismarternow? #sxsw,,Negative emotion
"In iPad Design Headaches: Take Two Tablets, Call Me in the AM panel - excited to hear @mention live! #sxsw",iPad,Negative emotion
It was awesome to hear Marissa Mayer acknowledge that Google Maps needs to increase support for its product b/c of incorrect routes. #SXSW,Other Google product or service,Negative emotion
The SXXpress line is almost as long as the Apple line. #sxsw {link},,Negative emotion
#sxsw is exposing my iphone's horrendous battery life.,iPhone,Negative emotion
Novelty of #iPad news #apps fades fast among digital delegates - Aron Pilhofer of the NYT &amp; Khoi Vinh {link}  #media #SXSW,iPad or iPhone App,Negative emotion
Outside of 9:30 panels which 75% of people skip I can barely get anything to work on my iPhone. #sxsw needs to shrink by 10k people.,iPhone,Negative emotion
Novelty of iPad news apps fades fast among #SXSW delegates - by @mention {link},iPad,Negative emotion
"Pollak, if you're having so much trouble the don't sell through apple...duh #sxswbigbrands #sxsw",Apple,Negative emotion
Turning off Twitter until #sxsw is over and #ipad is forgotten.,iPad,Negative emotion
kicking off w/ @mention talking iPad design headaches #sxsw,iPad,Negative emotion
Why is wifi working on my laptop but neither that nor 3g on my iphone? grrr. #sxsw,iPhone,Negative emotion
"@mention for the life of me, I can't get my iPad to sync all the sessions, only partial. iPhone is fine, iPad is deciding what it wants. #sxsw",iPad,Negative emotion
Cab ride from hell to get to Apple store at mall. They were sold out. Getting dinner then have to figure how how to get back to hotel. #sxsw,Apple,Negative emotion
Navigating a crowded party sucks. But its way worse when everyone walks around with their face in their iPhone. #sxsw #adpeopleproblems,iPhone,Negative emotion
#Mullenweg admits that iPhone app for Wordpress is not very good yet. Which is very true. Respect his honesty and awareness #sxsw,iPad or iPhone App,Negative emotion
Best thing I've heard this weekend at #SXSW &quot;I gave my iPad 2 money to #Japan relief. I don't need an #iPad 2.&quot; @mention @mention,iPad,Negative emotion
@mention glad I've not got a faulty iPhone then. That'll go down well for #sxsw everyone's battery dies 5 times quicker. Hope @mention knows.,iPhone,Negative emotion
"&quot;google has too many products, and needs to condense them&quot; #sxsw  (FYI - they have NINE mobile products)",Google,Negative emotion
"&quot;Google looks for technical solutions, which why they're not great at community because it's a human solution.&quot; #SXSW",Google,Negative emotion
&quot;Google to Launch Major New Social Network.&quot; really dont need another social network...{link} #sxsw,Other Google product or service,Negative emotion
"IPad Design Headaches. interface metaphor. Looks like a book, make it behave like a book. Simple stuff, but often forgotten. #SXSW",iPad,Negative emotion
iPad design malady: iPad Elbow - I hate the iPad's back button with the heat of a million suns. #tapworthy #sxsw,iPad,Negative emotion
I didn't go to #sxsw because I'm still using an iPhone 3G. #oldschool #novideo #veryslow,iPhone,Negative emotion
@mention good job @mention #sxsw! went home &amp; watched season 1 of the guild =D. sucks that your tweet abt the iphone hijack is a top tweet lol,iPhone,Negative emotion
My #sxsw Google calendar is getting a little out of control,Other Google product or service,Negative emotion
@mention Google Circles will be Lame. #sxsw &lt;3,Other Google product or service,Negative emotion
I think #Google lost their way by caring too much about their business (instead of their users) Tim O'Reilly #sxsw #pnid,Google,Negative emotion
Who uses Google TV in this room? Nobody raises a hand in a packed room at the #socialviewing session at #sxsw,,Negative emotion
"Lunch with @mention at #CNNGrill. View from the HTML5 dev trenches: Android is painful, iOS is sleek (for what @mention is doing) #sxsw",Android,Negative emotion
Open graph did repair the damage google did to the title tag. #sxsw #microformats,Google,Negative emotion
#SXSW math: if my flight leaves at 6:45 AM and the clocks go ahead at 2 and my iphone alarm will not go off what time do i miss my flight?,iPhone,Negative emotion
@mention Ha! I feel like the only person at #sxsw with a non-Mac/iPad!,Apple,Negative emotion
iPad2 in hand thanks to the Popup Apple Store at #SXSW. First impression: I may have a lemon. Backlight has some bleed thru at the bottom.,iPad,Negative emotion
"Beware, the android #sxsw app for schedules is completely innacurate. Just walked to the hyatt for no reason #sxswfail",Android App,Negative emotion
Data is the new oil. (Companies like Google and Facebook have monopoly and terms of service to be wary of) - @mention #sxsw,Google,Negative emotion
Kara Swisher: Apple is the most stylish fascist company in America #sxsw,Apple,Negative emotion
"Well, Cashmore just gave the new iPad a crushing non-endorsement. #sxsw #checkins #ouch",iPad,Negative emotion
"RIP my iPhone 4: June 2010 -  #SXSW. You survived a severe drop, but could not evade drowning. {link}",iPhone,Negative emotion
"95% of iPhone and Droid apps have less than 1,000 downloads total. #SXSW",Android App,Negative emotion
Tomorrow I go back to the Apple store... *sigh* #sxsw,Apple,Negative emotion
"@mention I hate typing on an iPad. So, yeah, THE Ken Calhoun is this man, the real deal! And I am bringing my laptop to #sxsw Sun.",iPad,Negative emotion
@mention I hope this year's festival isn't as crashy as this year's iPhone app. #sxsw,iPad or iPhone App,Negative emotion
"@mention I meant iTunes doesn't work for me (IE: Don't run Apple software, even if it would run on my Ubuntu desktop).  Not just #SXSW dl",Other Apple product or service,Negative emotion
@mention I outdid myself this time with the tech #FAIL. iPhone=broken. Might be the worst thing that can ever happen at #sxsw,iPhone,Negative emotion
@mention I'm glad I don't have an iPad 2 ... I think. #sxsw,iPad,Negative emotion
@mention I'm going to #SXSW let's meet up! I can't use @mention yet because I have an Android phone but show me how it works!,,Negative emotion
@mention I'm guessing there will not be an #Android app in time for #SXSW?,Android App,Negative emotion
"Totalitarian thought in action: People worldwide come to Austin, TX for #SXSW and decide to spend their time in line at an Apple Store.",Apple,Negative emotion
It is ridiculous to see someone taking a photo during a session with their iPad. Cannot wait to see concert use. #SXSW #Silly,iPad,Negative emotion
"@mention If I were you, I'd stay away from the Apple Store tomorrow #sxsw",Apple,Negative emotion
@mention if it makes you feel better google-wannabe fanbois were acting like giggling schoolgirls in front of Marissa Mayer y'day #SXSW,,Negative emotion
"Related: if u have Verizon, u will do better. #SXSW bandwidth issue. My BlackBerry always tweeted when my iPhone dawdled. #wjchat",iPhone,Negative emotion
#iPad design/UI tip: ÛÏbuttons are a hack -approach them with skepticism ÛÏ #tapworthy #sxsw,iPad,Negative emotion
Farmers like Blackberry smart phones because iPhone's &quot;don't last long on the farm&quot;. #mobilefarm #sxsw,iPhone,Negative emotion
Tablets like the iPad and Xoom where touch emulates a mouse-click/keyboard input means we're not there yet. #sxsw #gswsxsw #futureoftouch,iPad,Negative emotion
Techie Fail RT @mention One #SXSW panel moderator who is from Europe says he spent $3000 in roaming charges on his iPhone at SXSW 2010.,iPhone,Negative emotion
Content will move back to the browser. Why replicate the work on an iPad when u can press one button? @mention @mention #sxsw,iPad,Negative emotion
Mad mad lines still at the #SXSW Apple pop up store here in Austin #ipad2,Apple,Negative emotion
I'm thinking that I may actually have to take my laptop to #sxsw. The iPad alone may not be enough on this trip.,iPad,Negative emotion
Been playing w/ the Windows7 phone here at #SXSW.The animation is better than an iphone&amp; it does look very interesting!,,Negative emotion
"@mention Instagram, but it's iPhone only at the moment mister &quot;Has to be cool and different and get an EVO&quot; that SUCKS. #sxsw",iPhone,Negative emotion
Hey @mention got invited to a new group at #SXSW and your Android app keeps crashing when I try to join! WTF? #sxswfail,Android App,Negative emotion
hey @mention twitter needs a way for us in disaster areas to filter out things like #sxsw and #ipad too because right now we really don't care,iPad,Negative emotion
Hey @mention your app won't download from the Android app market. Just a heads up #SXSW,Android App,Negative emotion
Guy with iPad 2 taking photos of @mention slides. Awkward! #sxsw,iPad,Negative emotion
"@mention iPad app getting panned for design trumping content, and rightfully so. #SXSW",iPad or iPhone App,Negative emotion
Fuck the iphone! RT @mention New #UberSocial for #iPhone now in the App Store includes UberGuide to #SXSW ... {link},iPhone,Negative emotion
@mention is about to talk about the mistakes he made building Netflix for the iPhone. #SXSW #netflixiphone,iPad or iPhone App,Negative emotion
"Bad news is it costs $1,000? RT @mention Louis Vuitton has an iPhone app. Called Amble #digitalluxury #sxsw",,Negative emotion
"My row this morning two people hand writing notes, one person on a Blackberry and me on a #pc - proof Apple isn't a monopoly at #sxsw",Apple,Negative emotion
Many publishers' iPad content enhancements are like th worst David Foster Wallace footnotes- kinda interesting but mostly irrelevant. #sxsw,iPad or iPhone App,Negative emotion
iPhone crisis at #sxsw Phone is stuck on silver logo screen. Has been for last 15 minutes. Help?,iPhone,Negative emotion
"I cant wait to give the SAMSUNG people a demo of my horrible, terrible Google Nexus S phone at #sxsw",Google,Negative emotion
"And now, it won't pull from website to iPhone. Awesome. Glad I wasted that time. #festivalgenius #notsomuch #sxsw",iPhone,Negative emotion
You know it's bad with you have to un-RSVP just to see/use your calendar.  #iphone #sxsw #FML,,Negative emotion
@mention It's the next step of Google becoming Skynet. #SXSW,Google,Negative emotion
The Netflix iPhone app was built to a &quot;ridiculous deadline&quot;. Big mistake on the tech's part to agree to it #sxsw,iPad or iPhone App,Negative emotion
First talk of the day : iPad design headaches. #SXSW,iPad,Negative emotion
Josh Clark:  I hate the iPad's back button with the heat of a million suns.  #tapworthy #SXSW,iPad,Negative emotion
"Google takes the mantra of 'Dont be evil' to heart, yet their pride in their products make them guilty of the 7th deadly sin, Superbia #sxsw",Google,Negative emotion
Why is all the prizes at #SXSW apple products? Sigh,Apple,Negative emotion
Cant handle #SxSW traffic? RT @mention Dear @mention your own app for iPhone has sucked all day. #crashing,iPad or iPhone App,Negative emotion
"This double buzzing issue with iPhone iOS 4.3 is getting annoying. In other news, an iPhone may fly across the room at #GR2L2 #SXSW",iPhone,Negative emotion
&quot;Apple is the most elegant fascist company in America.&quot; #flipboard #SXSW,Apple,Negative emotion
Have Google launched their next social media flop yet? #sxsw,Other Google product or service,Negative emotion
&quot;Apple likes it if you pay them. That's what Apple likes.&quot; - Barry Diller #SXSW (@mention ACC - Ballroom D) [pic]: {link},Apple,Negative emotion
#sxsw apple store run out for the day :( boo apple.,Apple,Negative emotion
"Dear google, your photobooth sucks. #sxsw",Other Google product or service,Negative emotion
&quot;Apple: the most elegant fascist corporation in America today.&quot; -- Kara Swisher #sxsw #flipboard,Apple,Negative emotion
About to learn all about design headaches for iPad #sxsw,iPad,Negative emotion
"Barry Diller says iPad-only magazines like The Daily don't make sense, {link} #sxsw",iPad or iPhone App,Negative emotion
Barry Diller says that you're silly if you write content for one form factor only. Apple like it because they get money #SXSW,Apple,Negative emotion
Barry Diller's pragmatic and straight forward which is nice. Looks like he wants us to grab pitchforks vs. Apple #SXSW,Apple,Negative emotion
#SXSW Go let's you rate &amp; review sessions (although the experience on the iPhone is a bit torturous).,iPhone,Negative emotion
Google will eat itself #rhizome #sxswk #sxsw  @mention Hilton {link},Google,Negative emotion
"Google will not launch Facebook competitor Circles @mention #sxsw today as thought, creeper half-friends the world over disappointed.",Google,Negative emotion
"And it will suck. RT @mention RT @mention Google will preview major new social service, Circles, at #sxsw today {link}",Other Google product or service,Negative emotion
Look at all these people at #sxsw with iPad 1's. No shame.,iPad,Negative emotion
I feel silly but cannot figure out how to update the #sxsw mobile app on android. It doesn't seem to have &quot;options&quot; (bottom left button)?,,Negative emotion
"I was really hoping #SXSW would bring an Android version of @mention Oh well, maybe someday...a long time from now.",Android App,Negative emotion
"Will overload of info delivered by Google kill discovery? Google says ppl won't lose curiosity, but I wonder...We need serendipity. #SXSW",Google,Negative emotion
@mention love what y'all do at #SXSW. How come I'm getting login authorization error almost every time I open my app on iPhone?,iPad or iPhone App,Negative emotion
"After failure of Google buzz, Google Latitude, now Google Circle! Seriously Google needs to concentrate more on search! #FAIL #google #sxsw",Google,Negative emotion
"You finally get everyone to buy in to Facebook and then Google introduces Circle. No fair. Stop with all the innovation, people #sxsw",,Negative emotion
"You finally get everyone to buy in to Facebook and then Google introduces Circles. No fair. Stop with all the innovation, people #sxsw",Other Google product or service,Negative emotion
@mention Might need to go to Apple today. I think my &quot;S&quot; &quot;X&quot; and &quot;W&quot; keys are worn out. #SXSW,Apple,Negative emotion
just got mine &amp; i disagree RT  @mention Peter Cashmore on iPad 2 it's only a minor improvement Not worth it unless you've $ 2 burn #SXSW,iPad,Negative emotion
"Nope, seems no Google Circles launch today: {link} #sxsw",Other Google product or service,Negative emotion
@mention my #twitter iPhone app has been down for a few days. Heading to #SXSW and want to tweet a lot - can you help?,iPad or iPhone App,Negative emotion
@mention my iPhone crashed &amp; I had to do a fresh restore &amp; lost my fave Dali/canvas pak? Can I ever get it back? Also are you @mention #sxsw?,iPhone,Negative emotion
"Ahhh, darn :( RT @mention @mention @mention according to @mention Google has confirmed it is not launching at #SXSW, if at all.",Other Google product or service,Negative emotion
"Please can I hear more people talk about the iPad 2, preferrably with more #sxsw hashtags -  I really have a deficit of this in my life!",iPad,Negative emotion
"this woman is great - fessing up to issues, admitting google could do better #sxsw",Google,Negative emotion
Sitting on the floor behind a guy who's fondling his new iPad 2 in a very disturbing way. #sxsw,iPad,Negative emotion
Grrr..plancast stuff exported to Google calendar in San Diego/pacific time did not shift to central tme #wack #sxsw,Google,Negative emotion
"line around the corner for #iPad2 at #sxsw, i say wait on it. I've already got two cameras on my #iPhone sorry #apple",iPad,Negative emotion
"Bereft wanderer. White cord, limp. Lifeless. There is no outlet for your iPhone here. #sxsw #poetry",iPhone,Negative emotion
Man panhandling for an iPad 2 at SXSW. WhatÛªs the world coming to? #iPad #apple #tablet #SXSW,iPad,Negative emotion
This iPhone #SXSW app would b pretty awesome if it didn't crash every 10mins during extended browsing. #Fuckit #Illmakeitwork,iPad or iPhone App,Negative emotion
"SXSW iPhone app is awesome, but iPad app crashes every time. #sxsw",iPad or iPhone App,Negative emotion
Does anyone have an address for the yeasayer concert tonight? Google maps is failing. #sxsw,Other Google product or service,Negative emotion
I asked one of the booth people if #apple paid every single booth here to show their product on iPad2s. She said no. #idontbelieve #sxsw,Apple,Negative emotion
"the internet blurs, {link} the iPad fades, {link} ÛÒ @mention at #SXSW",iPad,Negative emotion
interesting &quot;@mention &quot;Google looks for technical solutions which why they're not great @mention community because its a human solution #SXSWÛ,Google,Negative emotion
My tweeting from #sxsw been pretty non existent today thanks to the @mention iPhone app #fail - Hootsuite is the epic replacement! #owllove,iPad or iPhone App,Negative emotion
I was going to mock the tech-nerds for coming to #sxsw only to stand in a 4-hour line for an iPad 2. Then I remembered me and horror movies.,iPad,Negative emotion
Is starting to think my #blackberry is more like the #abacus of phones. Damn u #iphone. #sxsw (I just wanted # abacus),iPhone,Negative emotion
"@mention Nice #SXSW song @mention  DonÛªt hack, Write Rails. Under deliver, over sell. Work for Google. {link}",Google,Negative emotion
"@mention No, no, no .. I wouldn't buy an iPad 2. I'd wait for the iPad 3 with teleporting capabilities. #sxsw",iPad,Negative emotion
This technology couldn't happen on an iPhone' - Nokia #pushsnowboarding #sxsw,iPhone,Negative emotion
There is nothing sillier than watching people record video with an ipad. #SXSW,iPad,Negative emotion
Agreed ÛÓ Novelty of #iPad news #apps fades fast among digital delegates ÛÓ {link}  #media #SXSW (via @mention,iPad,Negative emotion
In the Consumerist's &quot;Worst Company in America 2011&quot; tournament bracket - apple is pitted against microsoft in the first round #sxsw,Apple,Negative emotion
I fully anticipate that every geek-douche will be toting an iPad 2 at #SXSW. These people are also why it's not worth going.,iPad,Negative emotion
I am inventing a &quot;dislike&quot; button for #iPad 2 lines. {link} #SXSW,iPad,Negative emotion
#sxsw @mention das VerpixelungsrechtÛÓthe right for your house to be pixelated in Google Street ViewÛÓ is a theft from the public,Google,Negative emotion
Grrrr @mention not muting #sxsw as thought on web or iphone :(,iPhone,Negative emotion
"Organic unveils BroadFeed, social news app for ipad. Audience gets up and heads for the door. #sxsw",iPad or iPhone App,Negative emotion
Mayer also admits that Google needs to &quot;step up&quot; its customer support for Google Maps. #sxsw,Other Google product or service,Negative emotion
#google to expensive mobile data plans are killing the flavor of contextual discovery abroad #SxSW #pnid,Google,Negative emotion
"Decided to go to LA instead of #SXSW, because my AT&amp;T iPhone would be about as useful as a brick in Austin.",iPhone,Negative emotion
Heading to iPad Design Headaches in Hilton - Salon J #sxsw,,Negative emotion
Excited to meet the @mention at #sxsw so I can show them my Sprint Galaxy S still running Android 2.1.   #fail,Android,Negative emotion
iPhone too old for #SXSW schedule app. Oh noes.  #rejection,iPhone,Negative emotion
There's no way that you an call the iPad count at #sxsw reasonable. I think there's one for every 2 people.,iPad,Negative emotion
Apple autocorrect is so weird. Ogilvy autocorrects to idiocy. #ogilvynotes #sxsw :),Apple,Negative emotion
"Google product showcases never feel that cool. No price tag, brand equity, wow factor attached. #sxsw marissa mayer",Google,Negative emotion
Cashmere of Mashable: Thinks the iPad 2 is not a huge step up. Now waiting for the Apple PR team to parachute into the #SXSW session.,iPad,Negative emotion
"Andrew K of PRX equates the homogeneity of the Apple ecosystem w predictability, vs Android's wild west. #imaconf #sxsw #drumbeat #MoJo",,Negative emotion
Aron Pilhofer of the New York Times and design guru Khoi Vinh express scepticism about iPad news apps at #SXSW {link},iPad or iPhone App,Negative emotion
RT @mention 'Google lost its way by caring too much for the business vs. the users' - @mention #psych #sxsw,Google,Negative emotion
RT @mention 'This technology couldn't happen on an iPhone' - Nokia #pushsnowboarding #sxsw,iPhone,Negative emotion
MT @mention (Swisher calls Apple &quot;the classiest fascist company in America&quot; #sxflip #sxsw,Apple,Negative emotion
RT @mention @mention  - False Alarm: Google Circles Not Coming NowÛÒand Probably Not Ever? - {link} #Google #Circles #Social #SXSW,,Negative emotion
"RT @mention @mention iPad app getting panned for design trumping content, and rightfully so. #SXSW",iPad or iPhone App,Negative emotion
RT @mention @mention Peter Cashmore on the iPad 2: it's only a minor improvement. Not worth it unless you have money to burn. #SXSW,iPad,Negative emotion
RT @mention &quot;@mention - #Apple is the classiest fascist company in America. Really elegant.&quot; #sxsw #rji,Apple,Negative emotion
RT @mention &quot;Apple is the most elegant fascist company in America.&quot; #flipboard #SXSW,Apple,Negative emotion
RT @mention &quot;Apple: the most elegant fascist corporation in America today.&quot; -- Kara Swisher #sxsw #flipboard,Apple,Negative emotion
"RT @mention &quot;Google looks for technical solutions, which why they're not great at community because it's a human solution.&quot; #SXSW",Google,Negative emotion
RT @mention &quot;I believe in God because there is no other explanation for Apple's continued existence.&quot; Guy Kawasaki #enchantment #sxsw,Apple,Negative emotion
"RT @mention &quot;multiple approaches to monetization&quot; re: iPhone game dev &quot;but ads would cheapen our product&quot; ok, good luck with that #sxsw",iPad or iPhone App,Negative emotion
RT @mention &quot;There's a reason why Google isn't in social -- they are too technical.&quot; #sxsw #comments,Google,Negative emotion
RT @mention #futuremf Trajan: Google has destroyed the &lt;title&gt; tag - websites SEO them. Open Graph Protocol added a clean title tag instead #sxsw,Google,Negative emotion
RT @mention #sxsw #csr reporting: Janecek: Microsoft gives $ to charity. Apple gives nothing. Everyone in room has iPhone. What drives that decision?,Apple,Negative emotion
RT @mention #sxsw #enchantment: @mention &quot;No one uses Windows voluntarily.&quot; &quot;Apple is greatest collection of egomaniacs in history.&quot; haha,Apple,Negative emotion
RT @mention #SXSW 2011: The Google and Bing smackdown in all its bloody banality (Guardian) {link} via @mention,Google,Negative emotion
RT @mention #sxsw ipad store sold out of everything except 64gig wifi only white,iPad,Negative emotion
"RT @mention #sxsw rumor mill: iPad 3 will have between 6 and 15 cameras, slightly thinner rare earths case, and &quot;different&quot; but still smudgy screen.",iPad,Negative emotion
RT @mention #sxsw WAZE {link} is duking it out with google re: personalized mapping experience. Friendly &quot;panel crashing&quot;,Google,Negative emotion
RT @mention #SXSW: iPad Design Headaches (Take Two Tablet and Call Me in the Morning) {link},iPad,Negative emotion
RT @mention #UXdes @mention is glad there are no standard #iPad navigation tools. She might be the only one! #SXSW,iPad,Negative emotion
"Diabetes on a plate. Thanks Google, already have that covered. {link} #sxsw",Google,Negative emotion
RT @mention Agreed ÛÓ Novelty of #iPad news #apps fades fast among digital delegates ÛÓ {link}  #media #SXSW (via @mention,iPad or iPhone App,Negative emotion
"RT @mention And it will suck. RT @mention RT @mention Google will preview major new social service, Circles, at #sxsw today {link}",Other Google product or service,Negative emotion
RT @mention Anyone who was going to buy a new iPad should donate to #Japan #tsunami victims instead. #sxsw,iPad,Negative emotion
"RT @mention Apparently, if you Google &quot;ad preferences&quot; and you'll see what Google thinks you'll like. #seenocreepy #sxsw #PNID",Google,Negative emotion
RT @mention Apple autocorrect is so weird. Ogilvy autocorrects to idiocy. #ogilvynotes #sxsw :),Apple,Negative emotion
"RT @mention Apple is &quot;the classiest, fascist company in America,&quot; says @mention #sxsw",Apple,Negative emotion
RT @mention Apple...&quot;the classiest fascist company in America&quot; Kara Swisher #sxsw,Apple,Negative emotion
RT @mention Best thing I've heard this weekend at #SXSW &quot;I gave my iPad 2 money to #Japan relief. I don't need an iPad 2.&quot; (@mention,iPad,Negative emotion
RT @mention Best thing I've heard this weekend at #SXSW &quot;I gave my iPad 2 money to #Japan relief. I don't need an iPad 2.&quot; (@mention @mention,iPad,Negative emotion
RT @mention Best thing I've heard this weekend at #SXSW &quot;I gave my iPad 2 money to #Japan relief. I don't need an iPad 2.&quot; @mention,iPad,Negative emotion
RT @mention Best thing I've heard this weekend at #SXSW &quot;I gave my iPad 2 money to #Japan relief. I don't need an iPad 2.&quot; &lt;Amen!&gt;,,Negative emotion
RT @mention Best thing I've heard this wknd @mention #SXSW &quot;I gave my iPad 2 money 2 #Japan relief. I don't need iPad 2&quot;(@mention @mention),,Negative emotion
RT @mention Brought up how Google Maps had rerouted all images of JCPenney to images of Macys or trashy restraunts. They had no comment #uosxsw #sxsw,Other Google product or service,Negative emotion
"RT @mention Decided to go to LA instead of #SXSW, because my AT&amp;T iPhone would be about as useful as a brick in Austin.",iPhone,Negative emotion
RT @mention Deleting the #sxsw iPhone app!  {link},iPad or iPhone App,Negative emotion
"RT @mention DELICIOUSLY IRONIC GOOGLE PRIVACY PARTY MADE WHOLE BY &quot;BANKING CARTEL, MILITARY-SCIENTIFIC DICTATORSHIP TAKEOVER&quot; CAB RANT! #SXSW",Google,Negative emotion
"RT @mention Diller on Google TV: &quot;The first product wasn't good. It wasn't a consumer product, basically.&quot; #sxsw #diller",Other Google product or service,Negative emotion
RT @mention Epic. There's just one guy waiting in line for the iPad 2 in Austin at SXSW. {link} #sxsw #ipad #ipad2,iPad,Negative emotion
"RT @mention False Alarm: Google Circles Not Coming Now, And Probably Not Ever {link} - so much for reports that it would unveil at #sxsw",Other Google product or service,Negative emotion
"RT @mention Fest tip-don't be an iPhone douche.Put away your phone and talk to your fellow festgoers in lines, etc.All good people who love film. #sxsw",iPhone,Negative emotion
"RT @mention Finally fed up with #AngryBirds, Julian screamed &quot;I got your no-fly zone right here, pigfucker!&quot; and threw his iPad at some kid. #sxsw",iPad,Negative emotion
"RT @mention Fodder for #snubor panel at #SXSW: &quot;Right to Forget&quot; gains traction in Europe, causing issues for Google {link}",,Negative emotion
RT @mention forward to delicious T-Mobile 4G here in Austin while iPhone users struggle to do anything. #SXSW,iPhone,Negative emotion
"RT @mention Found the app kyping my iPhone's geolocation &amp; not releasing when in background. Need a patch, @mention #batterykiller #SXSW",iPad or iPhone App,Negative emotion
RT @mention Google Circles will be toast if it can't convince facebook users to start an account (or interface with FB)   #sxsw,Other Google product or service,Negative emotion
"RT @mention Google hotpot- rate restaurants and get personalized recos on where to eat. Um, think foursquare, yelp, etc have this covered already. #SXSW",Other Google product or service,Negative emotion
RT @mention Google Latina and see what you find? Porn...this is the first impression that people get about us? #latism #sxsw #sxswLatAm #LatinasInTechÛ,Google,Negative emotion
RT @mention google presentation by Mayer is a sales pitch #fail #sxsw,Google,Negative emotion
"RT @mention Google to Launch Major New Social Network Called Circles, Possibly Today at #sxsw rww.to/f6BCEt | O'goody more overload",Google,Negative emotion
RT @mention Google vs Bing on #bettersearch. Bing has a shot at success w/ structured search.  Potentially higher margin CPA model vs #Google. #SXSW,Google,Negative emotion
RT @mention Google was incapable of doing disruptive innovation- and acquired 89 startups over the last few years @mention #leanstartup #sxsw,Google,Negative emotion
RT @mention Hipsters w/ oversized earphones pluged into the new IPAD make me happy that Texas has such loose gun laws #SXSW,iPad,Negative emotion
"RT @mention Hm? Do we need another 1? RT @mention Google to Launch Major New Social Network Called Circles, Possibly Today {link} #sxsw",Other Google product or service,Negative emotion
RT @mention Hmm... the sxsw.com/interactive/live stream isn't ipad/mobile compatible. Maybe next year. #sxsw,iPad,Negative emotion
"RT @mention I cant wait to give the SAMSUNG people a demo of my horrible, terrible Google Nexus S phone at #sxsw",Other Google product or service,Negative emotion
"RT @mention I feel like my iPhone: Always on, always doing something, running out of battery fast. #sxsw",iPhone,Negative emotion
RT @mention I have yet to walk into a conference room where it doesn't look like an Apple ad. You'd think there was nothing else. #SXSW,Apple,Negative emotion
RT @mention I know it's #SXSW because my iPhone has started lying to me about its signal strength.,iPhone,Negative emotion
RT @mention I think #Google lost their way by caring too much about their business (instead of their users) Tim O'Reilly #sxsw #pnid,Google,Negative emotion
RT @mention I think my effing hubby is in line for an #iPad 2. Can someone point him towards the line-up for wife number #2. #sxswi #sxsw,iPad,Negative emotion
"RT @mention If you have an iPad DO NOT upgrade to the newest iOS yet, TweetDeck is very unstable on it #nten #11ntc #sxsw #sxswi",iPad,Negative emotion
"RT @mention In a room full of geeks talking TV, @mention just asked, &quot;Who uses Google TV?&quot; No one raised hand. #socialviewing #sxsw",Other Google product or service,Negative emotion
RT @mention iPad design headaches with Josh Clark #tapworthy #SXSW  {link},iPad,Negative emotion
RT @mention iPad design malady: iPad Elbow - I hate the iPad's back button with the heat of a million suns. #tapworthy #sxsw,iPad,Negative emotion
RT @mention Ironic? I googled the directions to @mention party and ended up walked 6 blocks in the wrong direction. Time for bed I think. #SXSW,Other Google product or service,Negative emotion
RT @mention It is ridiculous to see someone taking a photo during a session with their iPad. Cannot wait to see concert use. #SXSW #Silly,iPad,Negative emotion
RT @mention It's official: people using the iPad 2 to take photos just look weird. #SXSW,iPad,Negative emotion
RT @mention Josh Clark:  I hate the iPad's back button with the heat of a million suns.  #tapworthy #SXSW,iPad,Negative emotion
"RT @mention Just read that #apple will be at #SXSW selling iPad 2 on release day. Good lord, the vortex of smugness that day may be unbearable.",iPad,Negative emotion
RT @mention Just saw someone take a picture with an iPad 2 for the first time. Looks as ridiculous as you'd expect. #sxsw #sightings,iPad,Negative emotion
"RT @mention Line for Source Code is even longer than for iPad 2. Take that, Apple. #sxsw",Apple,Negative emotion
RT @mention Lonely Planet releases free Austin city guide iPhone app for #SXSW. Like there aren't enough apps cluttering up your handset.,iPad or iPhone App,Negative emotion
RT @mention New #SXSW rule: no more ooing and ahing over your new iPad. We get it. Its not a big deal. Everybody has one now... :-),iPad,Negative emotion
RT @mention New Iphone autocorrect already tried to change &quot;coworkers&quot; to &quot;visigoths.&quot; Its going to be a long five days of #sxsw,iPhone,Negative emotion
RT @mention Not a fan of a new #sxsw trend - audience sharing opinions via holding up an iPad. Not here to listen to you. #annoying,iPad,Negative emotion
RT @mention Note to self: downside of tweeting on an white iPad 2 expect to be mocked. @mention #sxsw,iPad,Negative emotion
RT @mention Nothing says DOUCHE CAKE like walking around with a IPAD like it's an Iphone #sxsw,iPad,Negative emotion
RT @mention Novelty of iPad news apps fades fast among #SXSW delegates - by @mention {link},iPad or iPhone App,Negative emotion
"RT @mention Part of Journalsim is the support of democracy, yes? Informed populous, yes? iPad, as a focus, does not support that #newsapps #sxsw",,Negative emotion
"RT @mention RT @mention  @mention to Launch Major New Social Network Called #Circles, Possibly Today! {link} #sxsw #SMM &gt;&gt;Really Google? Now?",Google,Negative emotion
"RT @mention RT @mention Apple is &quot;the classiest, fascist company in America,&quot; says @mention #sxsw",Apple,Negative emotion
RT @mention RT @mention forward to delicious T-Mobile 4G here in Austin while iPhone users struggle to do anything. #SXSW,iPhone,Negative emotion
RT @mention RT @mention Sound of My Voice was shot exploiting Apple &amp; Best Buy's 14-day return policy on iMacs. Brilliant. #sxsw,Apple,Negative emotion
"RT @mention Slides from #SXSW talk, &quot;iPad Design Headaches &quot; {link} #tapworthy . Really interesting for designers as well.",iPad,Negative emotion
RT @mention speaks truth: Watched #Apple staff at the temp #sxsw store just high five entire long line and facepalmed. Ugh. #LongLinesBadUX,Apple,Negative emotion
RT @mention SXSW 2011: Novelty of iPad news apps fades fast among digital delegates {link} #SXSW,iPad or iPhone App,Negative emotion
RT @mention Temp Apple Store 6th St  Austin #sxsw closed for night &quot;they're out of stuff' says Austin cops barring the door!,Apple,Negative emotion
RT @mention Temporary #sxsw apple store. Apple being sneaky as usual  {link},Apple,Negative emotion
"RT @mention the future is about networks, not just data. that's why google may not win long term #SXSW #web3 #SaatchiNY",Google,Negative emotion
RT @mention The iPad 2 is the also a cartoonishly large digital camera. #SXSW #CStejas {link},iPad,Negative emotion
RT @mention This group next to me has 6 ppl @mention the table. Everyone is using thier phone/ipad instead of taking to each other. #SXSW,iPad,Negative emotion
RT @mention Who uses Google TV in this room? Nobody raises a hand in a packed room at the #socialviewing session at #sxsw,Other Google product or service,Negative emotion
"RT @mention Will overload of info delivered by Google kill discovery? Google says ppl won't lose curiosity, but I wonder...We need serendipity. #SXSW",,Negative emotion
"RT @mention Woman in lobby: &quot;there's a website called, like, stupid iPhone speller, and it's ppl taking pics of funny autocorrected words.&quot; #sxsw",,Negative emotion
"RT @mention yes, i hate the fanboys. still valid tho- to those that waited for the iPad2 instead of enjoying #sxsw: {link}",iPad,Negative emotion
"#sxsw iPhone app: control mania! Half of the screen used for buttons and filters, other half for content. #ui-fail",iPad or iPhone App,Negative emotion
"Fuck. iPhone crapped out, will not charge at all. Says it is charging, but at 5% after all night. What are my options in Austin? #sxsw",iPhone,Negative emotion
Damn it Google! Your glow-in-the-dark cup leaked glow-in-the-dark goo in my camera bag! #SXSW,Google,Negative emotion
It just looks stupid to take pix with an iPad 2 - believe me guys  #sxsw,iPad,Negative emotion
Apple is opening a temporary store in Austin for #SXSW. Because people obviously want to shell out $1500 for a MacBook while visiting Austin,Apple,Negative emotion
Apple is opening a temporary store in Austin for #SXSW. Because people obviously want to shell out $1500 for a MacBook.,Apple,Negative emotion
"Google dropped real estate search b/c to do it right, they'd need to invest much more than they're willing to at the moment. #SXSW",Google,Negative emotion
"NYT app for iPad: not &quot;here's an amazing way to serve our readership,&quot; more &quot;here's a market opportunity we can't ignore.&quot; #sxsw #newsapps",iPad or iPhone App,Negative emotion
Looking forward to delicious T-Mobile 4G here in Austin while iPhone users struggle to do anything.  #SXSW,iPhone,Negative emotion
Looking forward to the day when @mention and @mention release native Android 3.0 tablet-optimized clients! Google Latitude sucks! #sxsw,Other Google product or service,Negative emotion
Both Microsoft and Google are ripping us off too {link} :( @mention a Joomla! wannabe logo #sxsw {link},Google,Negative emotion
Yea!!! Another Google product that isn't available for Google Apps yet: Google Hotpot. #sxsw,Other Google product or service,Negative emotion
&quot;No other reason for Apple's continued survival than the existence of God&quot; - @mention #enchantment  #SXSW #sxswi,Apple,Negative emotion
Twitter you have failed me for the last time *force chokes iPhone* #sxsw,iPhone,Negative emotion
#SXSW a tougher crowd than Colin Quinn RT @mention Hey Marissa Mayer Please tell us something new Not about products Google launched months ago,Google,Negative emotion
But are your phones staying charged? My crappy #iPhone would never handle #SXSW! RT @mention @mention @mention no sleep crazyfest!!!!!!,iPhone,Negative emotion
"Part of Journalsim is the support of democracy, yes? Informed populous, yes? iPad, as a focus, does not support that #newsapps #sxsw",iPad,Negative emotion
"Checking out iPad Design Headaches (2 Tablets, Call in the Morning).
{link} #SXSW #tapworthy #fb",,Negative emotion
Brought up how Google Maps had rerouted all images of JCPenney to images of Macys or trashy restraunts. They had no comment #uosxsw #sxsw,Other Google product or service,Negative emotion
Put the iPad down idiot! #SMComedyFyeah #SxSW,iPad,Negative emotion
Just stopped at the pop up Apple store.....lame!z!  Come on Apple you can still cut the weight in half. #sxsw,Apple,Negative emotion
@mention Peter Cashmore on the iPad 2: it's only a minor improvement. Not worth it unless you have money to burn. #SXSW,iPad,Negative emotion
Pop-up Apple Store seems to be out of pop-up iPad2s. #SXSW,Apple,Negative emotion
Clearly Apple has another daylight savings time bug with the iPhone 4 alarm. Also need to remember to fix my room's clocks. Whoops. #SXSW,iPhone,Negative emotion
Why the Apple pop-up shop at #SxSW sucks: {link},Apple,Negative emotion
Ughhh...Apple Store Austin at the Domain rain out of 3G iPads in first 25 minutes right before I got in #iPad2 #SXSW,Apple,Negative emotion
All LBS apps on my iPhone think I am in Orlando :)) ! I guess I have 2 check in at Disney vs #SXSW :)),iPad or iPhone App,Negative emotion
Attended preso on living simply #100tc at #sxswi #sxsw and felt a bit guilty taking notes on a new #iPad,iPad,Negative emotion
Apple...&quot;the classiest fascist company in America&quot; Kara Swisher #sxsw,Apple,Negative emotion
"Is twitter broken? Or is it my iPad. Can't follow the SXSW hash right now. Wow, that might be my nerdiest tweet yet. #tmsxsw #SXSW.",iPad,Negative emotion
"Okay, fair enough lining up for new tech, but not at the cost of #sxsw... It is so much better than a new iPad... {link}",iPad,Negative emotion
"Headed for iPad Design Headaches (2 Tablets, Call in the Morning) #SXSW {link}",iPad,Negative emotion
Design for iPad is like a design 101 class. Will someone give a talk and assume that we didn't all ditch our previous experience #sxsw,Other Apple product or service,Negative emotion
#sxsw #csr reporting: Janecek: Microsoft gives $ to charity. Apple gives nothing. Everyone in room has iPhone. What drives that decision?,Apple,Negative emotion
I can hear those ipad 2 nutters ipading away even now. Such is life in the techno hipster Mecca. #SXSW,iPad,Negative emotion
"Apps distract pubs, sez Khoi Vinh. Instead of focusing on reader exp, they're delivering same content 3 ways. #SXSW  {link}",,Negative emotion
How frustrating is it that Zeldman autocorrects to Zelda on the iPhone? #jzsxsw #sxsw,iPhone,Negative emotion
Google Circles is (not) a real thing and will (not) be launched today at #sxsw {link},Other Google product or service,Negative emotion
&quot;There is no other explanation for Apple's continued survival than the existence of God&quot; #GuyKawasaki #sxsw,Apple,Negative emotion
&quot;There's a reason why Google isn't in social -- they are too technical.&quot; #sxsw #comments,Google,Negative emotion
"Enough already .... ÛÏ@mention Google to Launch Major New Social Network Called Circles, Possibly Today {link} #sxswÛ",,Negative emotion
@mention really disappointed with the iPad app - lots of error messages have to switch to tweet deck for the rest of #sxsw,iPad or iPhone App,Negative emotion
Farmers prefer Balckberries over iPhones and Andriod devices. More durable? Anti-Apple feelings?  #mobilefarm #sxsw,iPhone,Negative emotion
Horrible repressed memories of the Apple spinning beach ball coming back at the #progressbar talk. #sxsw,Apple,Negative emotion
@mention Respectfully disagree about the iphone. Battery life is a problem and it isn't as ubiquitous as it seems. #project314 #sxsw,iPhone,Negative emotion
"#sxsw   Tried 2 days with iPAD, w/o MacBook Pro.  the experiment is over. I heart a real keyboard.",iPad,Negative emotion
Google (tries again) to launch a new social network called Circles: {link} #sxsw @mention #310409H2011,,Negative emotion
False Alarm: Google Circles Not Coming NowÛÒand Probably Not Ever? - {link} #Google #Circles #Social #SXSW,,Negative emotion
iPad 2 turned into giant camera looks plain stupid #sxsw,iPad,Negative emotion
Why is #GroupMe not available in Canada for iPhone users? #SXSW - Would love to check it out.,iPad or iPhone App,Negative emotion
Or Droid RT @mention Has spontaniety in life been replaced by technology? When your iPhone battery dies you go home. Great ?  #sxsw,iPhone,Negative emotion
Will I survive #SXSW will only 1.6 gigs of space left on my iPhone? We shall see.,iPhone,Negative emotion
Guess everyone wanted to design ipad apps for their mom #sxsw,iPad or iPhone App,Negative emotion
Steve Jobs doesn't position the iPhone as a device made in China where suicide rates are high He sells dreams #Kawasaki #thisisdare #SXSW,iPhone,Negative emotion
&quot;This Google/Bing Q&amp;A panel is like the world's most expensive SEO consultation.&quot; -@mention  #SXSW,Google,Negative emotion
Google was incapable of doing disruptive innovation- and acquired 89 startups over the last few years @mention #leanstartup #sxsw,Google,Negative emotion
My friends iphone changed BACK an hour instead of forward. Its AT&amp;T. Any hints on how to fix it?! #SXSW #iphone #help,iPhone,Negative emotion
iPhone GPS is messed up. Thinks I'm in Yonkers. Almost as good as #SXSW. {link},iPhone,Negative emotion
"#SXSW does the world really needs Google Circles, Fb will just implement it eventually",Other Google product or service,Negative emotion
Hey Marissa Mayer. Please tell us something new. Not about products Google launched months ago. #sxsw,Google,Negative emotion
Anyone else having issues with gmail and using google services? #SXSW.,Google,Negative emotion
Anyone else having trouble synching your schedule with the android sxsw go app? #sxsw,Android App,Negative emotion
Anyone else with an iPhone getting the &quot;could not activate cellular data network&quot; error message? Is this a warning of #sxsw things to come?,iPhone,Negative emotion
#Circles set to fail for being too complicated by June. RT @mention Google set to launch new social network #Circles today at #sxsw,Other Google product or service,Negative emotion
@mention Should: if you didn't get iPad 1. Shouldn't: iPad2 3G 64GB + cover + $100 = MacBook Air. #SXSW,iPad,Negative emotion
ÛÏThe classiest fascist company in existenceÛ - Kara Swisher #sxsw #apple,Apple,Negative emotion
Spending some time this morning resetting my android phone.  First day of #sxsw was too much for it.,Android,Negative emotion
Just saw someone take a picture with an iPad 2 for the first time. Looks as ridiculous as you'd expect. #sxsw #sightings,iPad,Negative emotion
"Every person I see with a ipad looks crazy ,looks like they have a 80's cell phone in their hand  #sxsw",iPad,Negative emotion
What a dissapointment!!! RT @mention New #UberSocial for #iPhone now in the App Store includes UberGuide to #SXSW sponsored by (contÛ_,iPad or iPhone App,Negative emotion
Google possibly  launching a social media service - again... #sxsw {link},Other Google product or service,Negative emotion
Google lost its way by caring too much for the business vs. the users' - @mention #psych #sxsw,Google,Negative emotion
"#SXSW: Mistakes Made Building @mention for iPhone (Plus, How to See Its Source Code!) {link}",iPhone,Negative emotion
"#SXSW: Mistakes Made Building Netflix for iPhone (Plus, How to See Its Source Code!) {link} via @mention",iPad or iPhone App,Negative emotion
"Opened yesterday. Line too long to wait in just to look. #SXSW #sxswi @mention Apple Store, SXSW {link}",Apple,Negative emotion
Yet the #SXSW #iPad Pop-up store was flawless. RT @mention Apple iPad 2 Launch: Poor Planning On AppleÛªs Part {link},Apple,Negative emotion
Massive #sxsw fail to run out of #iPad2 @mention Should have had a semi full parked out front! #justsayin {link},,Negative emotion
I think #SXSW has taken it upon itself to make it clear to me that a Gen 1 iPhone ain't gonna cut it anymore.,,Negative emotion
My biggest frustration with #SXSW so far is no one looks where they're going because glued to iPhone.,iPhone,Negative emotion
Is it just me or has the @mention client for Android gotten really buggy lately? #SXSW to blame?,Android,Negative emotion
Off to get my badge. Then to find food and drink. Then figure out why my @mention iPhone is NOT roaming at #sxsw. Then unpack. Priorities,iPhone,Negative emotion
Proof that the iPad 2 turns you into a douchebag #SXSW {link},iPad,Negative emotion
Looking at the line for the pop up #sxsw apple store...I can't think of a single object I want that much.,Apple,Negative emotion
I have yet to walk into a conference room where it doesn't look like an Apple ad. You'd think there was nothing else. #SXSW,Apple,Negative emotion
#sxsw what's up with the sxsw go app? #android faulty. :(,Android App,Negative emotion
tried installing @mention on my iphone but it crashes every time i open it. #sxsw,iPad or iPhone App,Negative emotion
I just watched &quot;iPad Design Headaches&quot; at #SXSW. Buttons are a hack.  #tapworthy,iPad,Negative emotion
"Not to hate on the iPad, but fleets of nerds armed with iPads navigating through crowds is as far from cool as I've EVER seen #sxsw",iPad,Negative emotion
"So, #twitter for iPhone: anyway to remove/burn hashtags? Eg #sxsw? V v bored already, already",iPhone,Negative emotion
Deleting the #sxsw iPhone app!  {link},iPad or iPhone App,Negative emotion
@mention the apple #sxsw #popupstore is like a crack house for mac addicts,Apple,Negative emotion
Apple is the classiest facist company in America. - Kara Swisher #sxsw,Apple,Negative emotion
Oh no another way to talk shit on the net Google to Launch Major New Social Network Called Circles Possibly Today {link} #sxsw,,Negative emotion
@mention They're journalists. They just spent all their money on #sxsw passes. Who can afford Google TV?,Google,Negative emotion
I just noticed DST is coming this weekend. How many iPhone users will be an hour late at SXSW come Sunday morning? #SXSW #iPhone,iPhone,Negative emotion
"Google Hotpot - &quot;Not as good as other services, but we will force it on you anyways.&quot; #SXSW",Other Google product or service,Negative emotion
"Perfect attention to detail RT @mention Google recreated the code for Pac-Man for their doodle, original bugs included. #sxsw #googledoodles",Google,Negative emotion
iPhone battery is going quickly. Guy behind me let me borrow his portable charger. I want one! {link} #SXSW,iPhone,Negative emotion
wow you suck {link} iPad #sxsw Rebecca Black #fab5,iPad,Negative emotion
We're so ungrateful bc we have too much shit to play with. So turn off some of your shit (iPhone) now and then. #sxsw,iPhone,Negative emotion
Bad news update: the pop-up Apple Store is out of iPads! Not sure if they will have more by tomorrow. #SXSW,,Negative emotion
Just because google patented something i.e. (Age of domain in rankings algorithm) doesn't mean they use it #qagb #SXSW,,Negative emotion
"If you have an iPad DO NOT upgrade to the newest iOS yet, TweetDeck is very unstable on it #nten #11ntc #sxsw #sxswi",iPad,Negative emotion
"You'll have to wait 4-5 weeks for an iPad 2, but not at the #AppleATXdt pop-up! Shipments daily (via @mention #SXSW",iPad,Negative emotion
ProTip: Avoid the Austin-area Apple stores on Friday #SXSW,Apple,Negative emotion
Auntie's voxpop of  popular #sxsw apps is worth a watch: {link} Not many Android phones on view.,Android,Negative emotion
Don't know 1 user RT @mention Who uses Google TV in this room? Nobody raises a hand in a packed room at the #socialviewing session at #sxsw,Other Google product or service,Negative emotion
Dear #SXSW goer... Please look up from your fucking iPhone when walking the halls. Thanks Hipsters. Hilarious!,iPhone,Negative emotion
"This #SXSW I am grateful for: my bicycle, having a back-up Twitter app. Cursing: losing an hour of zzzs, iPhone battery life.",iPhone,Negative emotion
Dear #sxsw iPhone app: you suck again this year! (sitby.us is great but doesn't include film sessions),iPad or iPhone App,Negative emotion
"If there was a popup store in Austin that sold nothing but iPhone battery extenders, it would make so much money. #sxsw",iPhone,Negative emotion
#iPad #news #apps not popular with the #kids. {link} #the_daily is a terrible concept anyway #sxsw,iPad or iPhone App,Negative emotion
Hmmm...Taxi Magic on iPhone does not appear to be so magic any more in Austin #sxsw,iPad or iPhone App,Negative emotion
"Google guy at #sxsw talk is explaining how he made realistic Twitter bots as an experiment. Gee, thanks for doing that.",,Negative emotion
I think my effing hubby is in line for an #iPad 2. Can someone point him towards the line-up for wife number #2. #sxswi #sxsw,iPad,Negative emotion
I'm pretty sure the panelist that thinks &quot;Apple is drowning in their success&quot; is fucking insane. #SXSW,Apple,Negative emotion
"Hey is anyone doing #sxsw signing up for the group texting app, groupme? got it on my iphone, but no one else is on it, so....kinda useless.",,Negative emotion
"Diller says Google TV &quot;might be run over by the PlayStation and the Xbox, which are essentially ready today.&quot; #sxsw #diller",Other Google product or service,Negative emotion
